{
    "1.jpeg45602": {
        "filename": "1.jpeg",
        "size": 45602,
        "regions": [
            {
                "shape_attributes": {
                    "name": "rect",
                    "x": 317,
                    "y": 53,
                    "width": 323,
                    "height": 453
                },
                "region_attributes": {
                    "names": "dog"
                }
            }
        ],
        "file_attributes": {}
    },
    "2.jpeg4669": {
        "filename": "2.jpeg",
        "size": 4669,
        "regions": [
            {
                "shape_attributes": {
                    "name": "rect",
                    "x": 0,
                    "y": 35,
                    "width": 155,
                    "height": 117
                },
                "region_attributes": {
                    "names": "dog"
                }
            },
            {
                "shape_attributes": {
                    "name": "rect",
                    "x": 158,
                    "y": 81,
                    "width": 100,
                    "height": 62
                },
                "region_attributes": {
                    "names": "cat"
                }
            }
        ],
        "file_attributes": {}
    },
    "3.jpeg6828": {
        "filename": "3.jpeg",
        "size": 6828,
        "regions": [
            {
                "shape_attributes": {
                    "name": "rect",
                    "x": 22,
                    "y": 1,
                    "width": 237,
                    "height": 156
                },
                "region_attributes": {
                    "names": "cat"
                }
            }
        ],
        "file_attributes": {}
    },
    "4.jpeg198685": {
        "filename": "4.jpeg",
        "size": 198685,
        "regions": [
            {
                "shape_attributes": {
                    "name": "rect",
                    "x": 93,
                    "y": 261,
                    "width": 794,
                    "height": 1508
                },
                "region_attributes": {
                    "names": "cat"
                }
            }
        ],
        "file_attributes": {}
    },
    "5.jpeg54509": {
        "filename": "5.jpeg",
        "size": 54509,
        "regions": [
            {
                "shape_attributes": {
                    "name": "rect",
                    "x": 13,
                    "y": 78,
                    "width": 782,
                    "height": 746
                },
                "region_attributes": {
                    "names": "dog"
                }
            }
        ],
        "file_attributes": {}
    },
    "6.jpeg60092": {
        "filename": "6.jpeg",
        "size": 60092,
        "regions": [
            {
                "shape_attributes": {
                    "name": "rect",
                    "x": 65,
                    "y": 58,
                    "width": 167,
                    "height": 219
                },
                "region_attributes": {
                    "names": "dog"
                }
            },
            {
                "shape_attributes": {
                    "name": "rect",
                    "x": 234,
                    "y": 144,
                    "width": 243,
                    "height": 128
                },
                "region_attributes": {
                    "names": "cat"
                }
            }
        ],
        "file_attributes": {}
    },
    "7.jpeg394361": {
        "filename": "7.jpeg",
        "size": 394361,
        "regions": [
            {
                "shape_attributes": {
                    "name": "rect",
                    "x": 49,
                    "y": 191,
                    "width": 549,
                    "height": 323
                },
                "region_attributes": {
                    "names": "cat"
                }
            },
            {
                "shape_attributes": {
                    "name": "rect",
                    "x": 600,
                    "y": 160,
                    "width": 279,
                    "height": 309
                },
                "region_attributes": {
                    "names": "dog"
                }
            }
        ],
        "file_attributes": {}
    }
}